<?xml version="1.0" encoding="UTF-8"?>
<!DOCTYPE suite SYSTEM "http://testng.org/testng-1.0.dtd">
<suite name="Simple Calculator Library Happy Path Test" >
	<test name="TestSet 1">

		  
		<groups>
			<run>
				 <include name="LIBINSTANCETEST" />
				 <include name="STATICAPITEST" />
			</run>
		</groups>
		
		<!-- 
		<groups>

			<define name="all">
				<include name="LIBINSTANCETEST" />
				<include name="STATICAPITEST" />
			</define>

			<run>
				<include name="all" />
			</run>

		</groups>
		-->
		<classes>
			<class name="testing.HappyPathTests" />
		</classes>
	</test> <!-- Default test -->
</suite> <!-- Default suite -->