<?xml version="1.0" encoding="UTF-8"?>
<!DOCTYPE suite SYSTEM "http://testng.org/testng-1.0.dtd">
<suite name="Simple Calculator Parameters Test">
  <test name="TestSet 1">
  	<parameter name="number1" value="50"></parameter>
  	<parameter name="number2" value="100"></parameter>
  	<parameter name="addRes" value="150"></parameter>
    <classes>
      <class name="testing.ConsecutiveTests"/>
    </classes>
  </test> 
  <test name="TestSet 2">
  	<parameter name="number1" value="150"></parameter>
  	<parameter name="number2" value="50"></parameter>
  	<parameter name="addRes" value="200"></parameter>
    <classes>
      <class name="testing.ConsecutiveTests"/>
    </classes>
  </test> 
</suite> 